<?xml version="1.0" encoding="UTF-8"?>
<databaseChangeLog xmlns="http://www.liquibase.org/xml/ns/dbchangelog"
                   xmlns:xsi="http://www.w3.org/2001/XMLSchema-instance"
                   xsi:schemaLocation="http://www.liquibase.org/xml/ns/dbchangelog http://www.liquibase.org/xml/ns/dbchangelog/dbchangelog-2.0.xsd">

    <changeSet id="product" author="irvin">

        <createTable tableName="product">
            <column name="id" type="bigint" autoIncrement="true">
                <constraints primaryKey="true" nullable="false"/>
            </column>
            <column name="version" type="int"/>
            <column name="description" type="varchar(100)"/>
            <column name="image_url" type="varchar(250)"/>
            <column name="price" type="decimal(10,2)"/>
        </createTable>

        <loadData file="data/product.csv"
                  separator=";"
                  tableName="product">
        </loadData>

    </changeSet>
</databaseChangeLog>
